Price,Close,High,Low,Open,Volume
Ticker,MNQ=F,MNQ=F,MNQ=F,MNQ=F,MNQ=F
Date,,,,,
2020-01-02,8891.75,8901.5,8769.25,8773.0,170427
2020-01-03,8810.0,8907.75,8735.25,8898.0,315021
2020-01-06,8847.5,8872.5,8723.0,8784.5,222836
2020-01-07,8853.0,8894.5,8825.0,8851.75,225651
2020-01-08,8944.5,8972.5,8678.25,8843.0,418958
2020-01-09,9009.0,9022.25,8932.5,8948.5,241968
2020-01-10,8978.25,9055.25,8966.5,9008.5,234117
2020-01-13,9088.25,9096.5,8978.75,8978.75,171086
2020-01-14,9062.5,9114.75,9035.0,9088.5,269889
2020-01-15,9060.0,9096.0,9023.0,9062.5,219772
2020-01-16,9133.5,9140.25,9060.5,9060.5,174720
2020-01-17,9174.5,9189.25,9130.0,9136.5,173151
2020-01-21,9169.75,9199.75,9114.5,9173.75,231339
2020-01-22,9195.75,9254.0,9174.5,9179.0,194469
2020-01-23,9248.25,9253.75,9151.75,9189.25,240100
2020-01-24,9144.5,9287.5,9109.75,9251.0,328265
2020-01-27,8954.5,9098.25,8926.0,9098.25,397684
2020-01-28,9105.25,9136.0,8952.5,8954.0,308357
2020-01-29,9098.5,9158.75,9072.25,9120.75,304702
2020-01-30,9216.25,9240.0,9003.75,9110.5,395487
2020-01-31,8997.75,9249.0,8965.0,9226.5,572538
2020-02-03,9114.25,9155.75,8975.0,8983.75,299110
2020-02-04,9355.0,9369.0,9073.25,9100.25,275081
2020-02-05,9381.5,9464.25,9318.25,9355.5,329456
2020-02-06,9455.5,9463.5,9363.0,9392.0,256235
2020-02-07,9409.5,9477.0,9385.0,9464.5,277711
2020-02-10,9527.5,9531.75,9330.75,9401.25,267050
2020-02-11,9527.25,9609.5,9501.5,9523.0,259695
2020-02-12,9625.75,9628.0,9524.25,9536.0,213060
2020-02-13,9613.0,9644.75,9511.25,9621.25,293357
2020-02-14,9632.25,9659.25,9588.25,9625.25,228903
2020-02-18,9636.0,9687.25,9534.0,9632.0,309382
2020-02-19,9733.5,9748.75,9640.5,9642.5,191918
2020-02-20,9624.25,9763.0,9516.25,9740.0,483963
2020-02-21,9458.0,9623.5,9411.5,9618.25,460827
2020-02-24,9091.0,9365.75,9041.0,9365.75,719389
2020-02-25,8854.25,9224.5,8810.0,9092.75,887827
2020-02-26,8850.25,9037.75,8709.25,8867.5,919640
2020-02-27,8382.75,8878.25,8334.0,8817.5,1136729
2020-02-28,8454.0,8575.0,8124.25,8353.75,1564102
2020-03-02,8791.25,8883.0,8248.5,8376.25,1051883
2020-03-03,8582.5,9003.0,8510.75,8830.25,1080653
2020-03-04,8896.5,8950.0,8507.25,8559.0,703433
2020-03-05,8648.75,8899.75,8610.75,8889.75,721573
2020-03-06,8503.25,8726.0,8312.0,8675.5,857805
2020-03-09,7951.5,8418.25,7801.0,8418.25,579631
2020-03-10,8331.5,8380.0,7815.5,7894.5,1008309
2020-03-11,8003.5,8334.5,7892.75,8324.25,881797
2020-03-12,7215.25,8108.25,7131.75,7999.0,1087706
2020-03-13,7915.75,7980.0,6942.5,7167.75,263618
2020-03-16,7057.5,7902.25,6926.75,7900.5,117171
2020-03-17,7405.25,7550.25,6946.25,7059.75,126129
2020-03-18,7225.25,7394.5,6828.75,7368.0,85420
2020-03-19,7293.5,7522.5,6896.25,7249.5,77830
2020-03-20,7417.97998046875,7649.0,7150.25,7197.5,949629
2020-03-23,6984.5,7319.25,6628.75,6852.75,918254
2020-03-24,7554.75,7572.75,7005.25,7005.25,737637
2020-03-25,7467.75,7762.25,7372.5,7550.75,914507
2020-03-26,7844.0,7893.5,7310.0,7486.0,817178
2020-03-27,7568.5,7900.25,7551.0,7875.5,714587
2020-03-30,7854.75,7884.75,7391.25,7446.25,638604
2020-03-31,7786.25,7995.0,7747.25,7855.25,638489
2020-04-01,7438.75,7778.75,7403.75,7771.75,628469
2020-04-02,7627.25,7656.5,7375.5,7473.0,752413
2020-04-03,7522.75,7660.5,7423.5,7624.5,514780
2020-04-06,8029.75,8099.0,7531.0,7531.0,519762
2020-04-07,8012.0,8303.75,7947.75,8034.25,728192
2020-04-08,8189.75,8242.0,7953.0,8012.75,611343
2020-04-09,8227.5,8327.0,8102.0,8193.75,640194
2020-04-13,8327.25,8337.75,8075.0,8276.0,442775
2020-04-14,8692.5,8708.5,8319.0,8335.75,452894
2020-04-15,8594.0,8706.0,8486.5,8705.75,496023
2020-04-16,8734.25,8842.75,8500.5,8577.75,591051
2020-04-17,8809.0,8967.75,8689.0,8879.75,578506
2020-04-20,8692.0,8846.0,8686.25,8800.75,512401
2020-04-21,8431.75,8763.0,8342.0,8698.25,756967
2020-04-22,8638.0,8699.25,8399.5,8444.75,511968
2020-04-23,8598.75,8787.0,8582.25,8634.25,502851
2020-04-24,8769.0,8804.0,8498.0,8587.0,455864
2020-04-27,8824.25,8898.0,8728.75,8766.75,432329
2020-04-28,8719.75,8946.0,8654.25,8818.5,568433
2020-04-29,9036.5,9119.25,8733.5,8757.75,550987
2020-04-30,8988.5,9144.75,8856.0,9109.75,638640
2020-05-01,8718.0,8878.5,8671.75,8847.25,521789
2020-05-04,8795.5,8827.5,8556.75,8654.25,531885
2020-05-05,8924.25,9019.75,8796.75,8805.5,515262
2020-05-06,8952.0,9056.5,8877.75,8930.0,561342
2020-05-07,9107.75,9126.0,8930.0,8949.75,503951
2020-05-08,9218.25,9238.0,9102.75,9115.0,453878
2020-05-11,9279.0,9338.75,9118.75,9199.0,575017
2020-05-12,9078.25,9345.75,9040.25,9281.25,680169
2020-05-13,8992.25,9202.5,8878.25,9047.75,954303
2020-05-14,9079.5,9105.0,8846.5,9011.5,852451
2020-05-15,9096.5,9148.75,8925.25,9085.75,805229
2020-05-18,9325.5,9361.5,9110.0,9121.5,557059
2020-05-19,9300.75,9417.25,9283.0,9317.0,642706
2020-05-20,9485.5,9497.75,9273.25,9291.0,533057
2020-05-21,9355.75,9510.5,9352.25,9496.25,641920
2020-05-22,9406.25,9422.75,9241.25,9361.0,602885
2020-05-26,9406.5,9604.0,9373.0,9404.5,742940
2020-05-27,9432.5,9508.0,9173.25,9409.75,765863
2020-05-28,9460.25,9565.5,9320.5,9437.0,783024
2020-05-29,9560.25,9590.5,9372.0,9454.75,885086
2020-06-01,9595.0,9606.0,9450.0,9541.0,547341
2020-06-02,9647.75,9669.75,9505.0,9589.0,564461
2020-06-03,9684.75,9728.25,9635.25,9657.0,502427
2020-06-04,9626.25,9742.5,9572.5,9684.0,580279
2020-06-05,9808.5,9846.75,9602.0,9642.25,554626
2020-06-08,9884.75,9901.0,9746.75,9819.0,436570
2020-06-09,9951.0,10007.5,9811.5,9887.25,539628
2020-06-10,10087.25,10155.5,9957.5,9960.0,626919
2020-06-11,9616.75,10107.0,9584.5,10086.25,1077900
2020-06-12,9645.0,9849.0,9495.0,9618.0,562175
2020-06-15,9800.5,9817.0,9381.0,9540.25,291800
2020-06-16,9972.5,10015.5,9797.0,9816.25,119947
2020-06-17,9994.5,10061.25,9926.0,9962.75,51095
2020-06-18,9995.75,10042.5,9879.0,9998.5,26221
2020-06-19,10120.83984375,10130.0,9995.25,9995.75,523577
2020-06-22,10124.75,10134.5,9841.25,9884.5,408045
2020-06-23,10196.0,10296.0,9972.5,10120.5,510909
2020-06-24,10010.75,10241.75,9927.25,10183.5,686824
2020-06-25,10088.25,10107.25,9885.5,10005.75,666554
2020-06-26,9865.5,10120.5,9824.0,10088.0,666019
2020-06-29,9973.75,9997.25,9729.0,9796.5,584700
2020-06-30,10147.25,10171.5,9940.0,9984.0,494716
2020-07-01,10268.75,10309.0,10075.75,10141.0,452933
2020-07-02,10355.75,10422.5,10247.75,10256.25,421788
2020-07-06,10598.5,10614.25,10334.0,10334.0,610373
2020-07-07,10532.25,10694.5,10506.0,10599.0,562333
2020-07-08,10662.25,10673.25,10505.25,10527.75,567004
2020-07-09,10727.5,10774.25,10560.25,10674.0,661262
2020-07-10,10837.25,10847.25,10625.5,10727.5,607021
2020-07-13,10600.0,11058.25,10562.0,10847.5,822836
2020-07-14,10646.25,10693.0,10358.75,10601.25,1155362
2020-07-15,10683.25,10766.5,10551.5,10686.5,845839
2020-07-16,10511.75,10698.5,10475.5,10692.75,787591
2020-07-17,10622.5,10669.0,10523.5,10534.0,560081
2020-07-20,10951.0,10964.0,10545.5,10622.0,564419
2020-07-21,10851.0,11057.75,10784.75,10952.25,721648
2020-07-22,10804.25,10916.25,10761.75,10850.5,650917
2020-07-23,10548.25,10938.5,10514.5,10849.75,827513
2020-07-24,10459.0,10597.75,10301.25,10566.25,894230
2020-07-27,10675.25,10684.25,10400.5,10488.25,663644
2020-07-28,10540.0,10758.5,10513.75,10683.0,716565
2020-07-29,10674.25,10699.75,10512.0,10557.75,547350
2020-07-30,10794.0,10896.5,10502.75,10699.5,820359
2020-07-31,10890.5,10939.25,10691.0,10905.0,900180
2020-08-03,11044.25,11073.0,10876.25,10928.75,530798
2020-08-04,11086.0,11094.75,10982.75,11052.5,657879
2020-08-05,11091.75,11143.5,11055.75,11079.25,466620
2020-08-06,11261.25,11271.5,11051.5,11093.5,623322
2020-08-07,11122.75,11283.25,11035.25,11260.25,756398
2020-08-10,11072.0,11159.25,10928.5,11140.0,615293
2020-08-11,10878.5,11157.5,10845.25,11072.5,727011
2020-08-12,11126.0,11184.5,10878.25,10923.25,632682
2020-08-13,11175.25,11265.75,11094.25,11115.75,607227
2020-08-14,11133.75,11237.25,11096.0,11181.0,567136
2020-08-17,11286.75,11300.5,11145.0,11145.25,375239
2020-08-18,11409.25,11415.0,11268.5,11285.25,491423
2020-08-19,11332.0,11444.75,11298.75,11413.5,597398
2020-08-20,11477.25,11496.5,11221.5,11327.5,529487
2020-08-21,11562.0,11573.5,11407.0,11479.0,513368
2020-08-24,11636.25,11722.5,11528.25,11580.0,667533
2020-08-25,11726.25,11744.25,11574.75,11634.75,564195
2020-08-26,11991.25,12002.0,11726.5,11739.25,636184
2020-08-27,11952.75,12046.25,11834.5,11983.75,894371
2020-08-28,11991.75,12018.0,11920.25,11951.75,650847
2020-08-31,12114.0,12165.0,11988.25,12003.0,668466
2020-09-01,12312.5,12330.0,12093.0,12109.0,684199
2020-09-02,12411.5,12466.0,12172.25,12326.75,1182885
2020-09-03,11800.5,12438.5,11658.25,12408.25,1864033
2020-09-04,11548.75,11843.25,11141.25,11748.75,1646516
2020-09-08,11060.5,11585.5,11041.5,11531.5,1730999
2020-09-09,11392.75,11478.75,10935.0,11014.25,998417
2020-09-10,11178.25,11567.0,11087.75,11374.75,1132804
2020-09-11,11061.5,11356.75,10937.5,11187.25,685406
2020-09-14,11280.5,11362.25,11094.75,11094.75,288165
2020-09-15,11464.25,11495.25,11247.25,11279.0,176835
2020-09-16,11268.75,11550.0,11237.25,11461.0,144606
2020-09-17,11090.0,11302.5,10918.0,11269.25,141231
2020-09-18,11144.8095703125,11179.5,11036.5,11062.25,1058853
2020-09-21,10989.0,11010.0,10656.75,10927.0,1228173
2020-09-22,11149.5,11192.25,10897.25,10972.75,908037
2020-09-23,10829.0,11222.5,10786.0,11160.25,1005442
2020-09-24,10891.75,11011.75,10657.75,10803.25,1190282
2020-09-25,11136.5,11169.0,10813.75,10910.75,886317
2020-09-28,11394.75,11404.5,11136.0,11140.0,687584
2020-09-29,11337.75,11449.0,11289.75,11388.5,641939
2020-09-30,11407.25,11525.25,11167.5,11321.25,922780
2020-10-01,11574.75,11598.75,11372.25,11372.25,739364
2020-10-02,11233.25,11604.75,11205.0,11567.75,1158401
2020-10-05,11469.25,11496.75,11268.0,11285.25,635347
2020-10-06,11273.75,11524.25,11197.5,11475.0,1003949
2020-10-07,11470.0,11507.5,11208.5,11217.25,672177
2020-10-08,11539.0,11578.25,11470.0,11474.5,588811
2020-10-09,11724.75,11740.0,11553.0,11561.0,495693
2020-10-12,12098.25,12197.0,11691.75,11728.75,915877
2020-10-13,12094.0,12249.0,12018.0,12098.75,1029928
2020-10-14,11974.25,12177.75,11901.75,12080.0,930587
2020-10-15,11874.0,11983.75,11737.0,11951.0,917362
2020-10-16,11798.0,12021.75,11792.25,11891.25,754824
2020-10-19,11650.25,11950.75,11592.0,11815.75,906804
2020-10-20,11660.75,11792.0,11598.75,11697.75,907890
2020-10-21,11691.25,11779.25,11581.25,11673.0,929366
2020-10-22,11649.75,11723.75,11511.0,11686.25,911764
2020-10-23,11663.5,11691.5,11550.5,11666.75,729889
2020-10-26,11492.25,11695.75,11343.25,11650.25,944202
2020-10-27,11588.0,11623.0,11478.0,11497.5,794205
2020-10-28,11132.75,11566.5,11124.0,11560.75,1055403
2020-10-29,11342.75,11457.75,11145.0,11181.75,941469
2020-10-30,11046.25,11281.25,10944.25,11218.5,1374709
2020-11-02,11063.25,11212.0,10942.25,11039.0,1112623
2020-11-03,11265.75,11347.25,11065.0,11075.25,914456
2020-11-04,11763.0,11845.25,11230.0,11256.5,1346293
2020-11-05,12076.5,12118.5,11771.25,11817.75,1087585
2020-11-06,12075.0,12109.0,11869.5,12087.75,1277042
2020-11-09,11820.5,12408.0,11812.75,12134.75,1592797
2020-11-10,11618.25,11901.25,11503.0,11863.25,1852259
2020-11-11,11886.0,11919.5,11575.0,11634.75,1115308
2020-11-12,11820.0,11975.0,11775.75,11899.75,1082972
2020-11-13,11933.5,11952.75,11801.75,11861.25,881222
2020-11-16,12005.0,12065.25,11853.25,11953.5,892223
2020-11-17,11975.0,12093.0,11954.25,12060.25,868762
2020-11-18,11897.0,12027.75,11862.5,11973.0,915590
2020-11-19,11987.25,12000.0,11804.5,11876.75,841570
2020-11-20,11905.75,12021.5,11873.25,11960.25,727445
2020-11-23,11905.25,12001.75,11808.25,11907.75,774828
2020-11-24,12076.0,12105.25,11872.5,11915.0,679842
2020-11-25,12152.25,12177.75,12078.5,12099.0,646303
2020-11-27,12257.5,12307.75,12126.5,12168.25,521924
2020-11-30,12277.0,12336.75,12085.75,12286.25,930759
2020-12-01,12452.25,12512.5,12312.0,12327.5,952086
2020-12-02,12454.25,12475.0,12313.75,12458.25,855549
2020-12-03,12462.25,12540.25,12443.5,12471.75,717437
2020-12-04,12526.0,12535.5,12448.5,12488.0,595128
2020-12-07,12596.0,12612.25,12475.0,12523.75,642497
2020-12-08,12637.5,12652.25,12502.5,12572.25,716926
2020-12-09,12367.0,12674.75,12306.5,12657.5,1247179
2020-12-10,12402.0,12449.0,12218.0,12344.0,1056100
2020-12-11,12368.0,12414.5,12234.25,12393.75,396055
2020-12-14,12456.5,12549.25,12386.5,12392.75,238636
2020-12-15,12591.75,12605.25,12417.0,12463.0,190391
2020-12-16,12665.25,12700.0,12567.0,12598.5,112793
2020-12-17,12751.0,12766.5,12667.5,12676.75,55549
2020-12-18,12800.0595703125,12820.0,12710.0,12749.75,750643
2020-12-21,12683.5,12783.5,12461.0,12756.0,1061715
2020-12-22,12710.0,12760.0,12593.75,12697.5,849302
2020-12-23,12651.25,12739.0,12621.5,12706.0,596954
2020-12-24,12704.5,12724.0,12631.5,12660.0,288135
2020-12-28,12832.75,12855.75,12651.75,12677.0,525846
2020-12-29,12841.0,12918.25,12807.75,12843.0,674644
2020-12-30,12841.5,12909.75,12820.5,12860.0,488570
2020-12-31,12885.5,12895.5,12796.25,12840.0,376007
2021-01-04,12685.5,12960.0,12522.0,12888.25,916861
2021-01-05,12793.5,12808.5,12611.75,12684.5,790422
2021-01-06,12616.75,12844.5,12491.25,12801.25,1326413
2021-01-07,12928.0,12958.75,12646.25,12659.25,786257
2021-01-08,13097.25,13125.25,12919.25,12927.0,954785
2021-01-11,12897.0,13105.5,12872.0,13098.75,826314
2021-01-12,12890.25,12959.0,12767.0,12915.0,688554
2021-01-13,12972.25,13003.0,12820.5,12885.75,587442
2021-01-14,12901.0,13028.75,12880.75,12975.25,625300
2021-01-15,12802.25,12930.75,12743.25,12908.0,775481
2021-01-19,12985.5,13031.75,12727.0,12774.0,858308
2021-01-20,13294.25,13327.25,13018.0,13029.75,635635
2021-01-21,13395.5,13423.75,13283.0,13290.25,672678
2021-01-22,13361.5,13400.5,13300.0,13394.75,636521
2021-01-25,13475.5,13555.0,13189.0,13366.0,1112348
2021-01-26,13485.5,13599.75,13380.75,13460.25,863645
2021-01-27,13105.5,13586.75,12882.5,13553.0,1285859
2021-01-28,13186.0,13394.0,12906.25,13053.75,1211130
2021-01-29,12911.25,13187.25,12830.0,13159.25,1713363
2021-02-01,13236.5,13271.75,12726.75,12850.0,1046257
2021-02-02,13449.0,13509.0,13230.0,13232.75,793264
2021-02-03,13394.25,13584.25,13387.0,13503.75,836674
2021-02-04,13547.5,13572.0,13345.75,13427.5,637416
2021-02-05,13598.0,13638.5,13519.25,13563.0,605123
2021-02-08,13683.0,13692.5,13596.0,13620.75,624302
2021-02-09,13680.25,13735.25,13634.0,13685.0,588737
2021-02-10,13643.5,13769.25,13517.25,13698.75,971540
2021-02-11,13729.0,13744.0,13613.5,13667.25,812009
2021-02-12,13804.75,13822.5,13646.0,13710.25,569427
2021-02-16,13767.75,13900.75,13715.75,13829.0,876085
2021-02-17,13699.75,13785.5,13543.0,13757.75,862384
2021-02-18,13633.0,13724.75,13468.75,13699.0,936629
2021-02-19,13576.0,13729.0,13534.25,13638.5,905237
2021-02-22,13224.25,13629.0,13215.0,13584.5,1137912
2021-02-23,13192.0,13335.75,12757.5,13226.5,1586603
2021-02-24,13302.0,13333.0,12958.0,13171.5,1284595
2021-02-25,12831.75,13354.25,12764.0,13308.25,1893015
2021-02-26,12911.0,13089.75,12663.25,12800.5,1877394
2021-03-01,13279.75,13318.0,12946.75,12955.75,1025183
2021-03-02,13055.25,13328.0,13048.0,13311.75,1084739
2021-03-03,12681.75,13191.0,12662.5,13061.0,1456894
2021-03-04,12455.0,12797.0,12306.25,12682.75,2099066
2021-03-05,12663.75,12697.75,12207.5,12437.0,1789102
2021-03-08,12297.25,12761.25,12283.75,12714.0,1748168
2021-03-09,12788.75,12867.25,12325.5,12346.5,1204245
2021-03-10,12749.25,12993.0,12704.25,12811.5,1462237
2021-03-11,13048.25,13119.5,12724.25,12794.5,1135178
2021-03-12,12933.5,13095.0,12767.75,13051.75,645640
2021-03-15,13078.5,13099.0,12872.75,12939.0,310513
2021-03-16,13151.5,13296.75,13056.75,13082.25,246289
2021-03-17,13201.5,13283.0,12946.25,13168.0,215186
2021-03-18,12795.5,13279.75,12774.5,13198.5,141970
2021-03-19,12808.759765625,12917.5,12730.5,12813.5,1330097
2021-03-22,13071.75,13157.0,12789.5,12820.75,945854
2021-03-23,13006.25,13172.0,12978.75,13068.75,1208348
2021-03-24,12794.0,13145.0,12784.25,13050.0,1188827
2021-03-25,12770.5,12859.5,12609.75,12804.0,1512250
2021-03-26,12966.75,12988.5,12675.75,12799.25,1235458
2021-03-29,12944.5,13002.75,12807.0,12967.0,1361774
2021-03-30,12878.25,12984.0,12776.75,12974.75,1104139
2021-03-31,13089.75,13158.25,12858.5,12891.75,831363
2021-04-01,13316.0,13333.0,13090.0,13093.75,809150
2021-04-05,13585.5,13614.75,13304.25,13344.0,672584
2021-04-06,13570.0,13654.25,13524.5,13603.0,881355
2021-04-07,13604.75,13641.25,13513.0,13580.0,794033
2021-04-08,13747.75,13789.75,13614.75,13621.75,775241
2021-04-09,13829.5,13841.0,13648.5,13787.0,829301
2021-04-12,13808.75,13832.0,13731.75,13817.25,776272
2021-04-13,13975.75,13993.75,13772.5,13825.5,784551
2021-04-14,13798.75,14029.0,13772.75,13977.0,1048086
2021-04-15,14014.0,14034.25,13789.5,13827.5,790571
2021-04-16,14029.5,14059.0,13953.0,13999.75,782661
2021-04-19,13897.25,14052.5,13821.0,13989.25,1167074
2021-04-20,13794.25,13933.75,13719.0,13899.5,1186060
2021-04-21,13919.25,13926.75,13700.25,13742.25,883268
2021-04-22,13750.25,13944.0,13701.75,13895.25,1190044
2021-04-23,13927.0,13981.25,13738.0,13757.25,787363
2021-04-26,14011.5,14038.0,13865.75,13915.0,681564
2021-04-27,13953.0,14050.0,13912.75,14023.25,711031
2021-04-28,13892.25,13993.5,13878.0,13954.0,816524
2021-04-29,13953.5,14064.0,13818.25,13970.75,1073190
2021-04-30,13850.0,13957.0,13819.5,13948.0,944652
2021-05-03,13790.0,13947.5,13771.5,13879.25,777228
2021-05-04,13536.0,13792.5,13380.75,13786.25,1202754
2021-05-05,13491.0,13665.5,13462.5,13526.75,936762
2021-05-06,13597.75,13611.75,13389.0,13486.0,1211699
2021-05-07,13709.75,13818.0,13588.25,13605.75,1006542
2021-05-10,13356.75,13751.75,13302.25,13718.25,1080875
2021-05-11,13346.0,13375.75,13065.5,13316.0,1828176
2021-05-12,12998.5,13352.0,12959.75,13321.5,1716552
2021-05-13,13100.25,13225.0,12914.75,12968.5,1607005
2021-05-14,13387.0,13426.0,13071.0,13095.5,1041555
2021-05-17,13303.5,13452.5,13182.5,13380.5,1064637
2021-05-18,13212.0,13433.0,13178.0,13310.0,856489
2021-05-19,13233.5,13242.75,12954.25,13182.25,1410586
2021-05-20,13486.5,13524.0,13151.25,13221.0,926125
2021-05-21,13405.0,13569.75,13395.5,13493.25,882592
2021-05-24,13635.25,13686.25,13356.25,13390.0,576722
2021-05-25,13656.25,13738.5,13606.5,13654.5,712998
2021-05-26,13700.25,13728.25,13656.0,13671.0,608634
2021-05-27,13665.5,13720.75,13620.25,13703.75,716347
2021-05-28,13686.5,13763.25,13662.5,13694.5,575230
2021-06-01,13648.75,13773.0,13592.75,13698.75,788715
2021-06-02,13673.75,13712.5,13603.0,13653.0,576913
2021-06-03,13529.25,13707.0,13462.25,13678.5,896698
2021-06-04,13766.75,13784.0,13467.75,13530.0,645248
2021-06-07,13804.25,13825.25,13691.5,13772.25,593134
2021-06-08,13811.5,13916.75,13742.0,13823.5,746795
2021-06-09,13814.25,13904.0,13803.5,13813.0,598846
2021-06-10,13959.75,13976.5,13726.5,13815.75,702931
2021-06-11,13994.25,13998.5,13931.75,13974.5,258315
2021-06-14,14124.75,14133.5,13965.0,13996.5,157769
2021-06-15,14030.25,14163.0,14009.25,14121.25,127209
2021-06-16,13981.25,14104.0,13834.0,14047.75,109183
2021-06-17,14165.5,14213.0,13850.5,13948.5,87366
2021-06-18,14107.4296875,14213.25,14064.75,14171.25,841121
2021-06-21,14130.0,14144.0,13958.75,14022.25,788483
2021-06-22,14258.25,14279.25,14066.25,14137.0,621790
2021-06-23,14263.0,14316.75,14231.75,14273.5,587636
2021-06-24,14354.25,14422.0,14263.0,14274.25,605975
2021-06-25,14339.0,14394.25,14313.25,14364.75,594197
2021-06-28,14512.5,14519.5,14333.25,14347.75,471785
2021-06-29,14563.0,14585.0,14468.75,14506.75,542004
2021-06-30,14549.0,14599.0,14518.0,14584.0,550880
2021-07-01,14548.5,14606.5,14470.75,14558.0,598057
2021-07-02,14713.75,14728.75,14513.5,14542.25,543434
2021-07-06,14775.5,14789.75,14625.25,14702.25,838525
2021-07-07,14802.25,14883.75,14726.25,14758.5,844793
2021-07-08,14712.25,14821.75,14540.0,14811.75,1001374
2021-07-09,14810.5,14832.0,14640.5,14712.75,694222
2021-07-12,14869.25,14888.75,14785.25,14823.75,563544
2021-07-13,14865.0,14994.5,14794.25,14880.0,824554
2021-07-14,14891.75,14996.0,14841.0,14868.0,817428
2021-07-15,14787.5,14962.5,14708.25,14896.25,1017598
2021-07-16,14670.5,14869.5,14657.25,14778.0,893209
2021-07-19,14540.75,14683.25,14444.25,14675.75,1324573
2021-07-20,14722.75,14782.25,14516.75,14593.5,869753
2021-07-21,14827.75,14841.75,14666.75,14729.5,778237
2021-07-22,14928.5,14982.75,14823.25,14838.0,859820
2021-07-23,15098.0,15117.5,14934.25,14978.25,806795
2021-07-26,15117.75,15134.25,15038.75,15098.0,685147
2021-07-27,14947.75,15131.5,14774.5,15125.0,1000863
2021-07-28,15011.5,15074.75,14866.5,14876.25,1012173
2021-07-29,15037.75,15084.0,14904.25,14984.25,718643
2021-07-30,14955.75,14979.75,14811.5,14910.0,820333
2021-08-02,14952.75,15056.0,14932.5,14972.25,743820
2021-08-03,15046.25,15050.0,14848.75,14963.75,886336
2021-08-04,15073.5,15108.0,14996.75,15039.0,739921
2021-08-05,15167.75,15172.25,15069.5,15081.0,554624
2021-08-06,15095.5,15170.0,15047.5,15168.0,697234
2021-08-09,15125.25,15146.0,15003.5,15091.25,632672
2021-08-10,15044.5,15157.25,14994.75,15127.75,754586
2021-08-11,15019.5,15119.0,14963.0,15045.25,828334
2021-08-12,15078.5,15090.5,14941.0,15007.75,640693
2021-08-13,15125.75,15141.5,15055.25,15077.0,463515
2021-08-16,15134.0,15139.0,14917.0,15120.0,766071
2021-08-17,14997.5,15134.75,14897.0,15133.75,958229
2021-08-18,14849.25,15037.0,14806.5,14971.0,894716
2021-08-19,14928.0,14999.0,14711.0,14840.75,1144987
2021-08-20,15086.75,15100.0,14851.75,14943.0,720762
2021-08-23,15304.5,15338.0,15087.5,15092.25,661257
2021-08-24,15355.5,15384.0,15309.25,15327.5,540655
2021-08-25,15364.25,15397.0,15333.0,15361.25,579467
2021-08-26,15274.75,15368.5,15255.5,15367.0,781142
2021-08-27,15426.5,15443.75,15265.5,15286.5,674243
2021-08-30,15597.5,15617.75,15420.0,15431.75,559226
2021-08-31,15582.5,15677.25,15514.0,15603.75,733753
2021-09-01,15609.25,15698.0,15577.75,15601.25,633192
2021-09-02,15601.0,15682.25,15551.25,15609.0,682127
2021-09-03,15651.5,15677.5,15552.0,15599.25,653134
2021-09-07,15674.75,15708.75,15607.0,15653.75,772239
2021-09-08,15620.0,15691.0,15523.5,15671.0,862172
2021-09-09,15558.75,15676.5,15545.75,15610.0,803545
2021-09-10,15441.5,15667.5,15433.5,15561.25,440573
2021-09-13,15436.75,15565.0,15350.5,15449.75,322877
2021-09-14,15387.0,15530.75,15352.25,15452.75,226677
2021-09-15,15504.0,15522.0,15314.5,15395.5,158739
2021-09-16,15517.75,15542.0,15368.75,15510.5,124993
2021-09-17,15486.669921875,15541.5,15474.0,15505.5,860262
2021-09-20,15009.5,15338.0,14807.5,15285.0,1204698
2021-09-21,15024.0,15163.5,14963.75,14991.25,1001962
2021-09-22,15163.5,15227.0,14929.25,14992.25,884473
2021-09-23,15303.5,15346.75,15174.5,15177.75,678473
2021-09-24,15318.75,15334.0,15176.75,15298.75,660547
2021-09-27,15194.75,15399.5,15084.0,15318.75,793477
2021-09-28,14764.75,15192.25,14740.75,15172.5,1284649
2021-09-29,14739.75,14926.25,14711.0,14770.0,1269891
2021-09-30,14682.5,14884.0,14670.0,14762.0,1245570
2021-10-01,14761.75,14818.0,14537.0,14700.5,1375183
2021-10-04,14462.25,14835.75,14367.75,14781.0,1603467
2021-10-05,14655.25,14754.5,14410.0,14488.5,1003155
2021-10-06,14759.0,14770.0,14422.25,14661.75,1417740
2021-10-07,14881.25,15001.25,14765.0,14767.0,888336
2021-10-08,14808.25,14998.0,14791.0,14894.0,1069815
2021-10-11,14700.5,14896.75,14676.75,14810.0,927255
2021-10-12,14653.25,14783.25,14585.5,14688.25,1146991
2021-10-13,14764.25,14796.0,14590.25,14595.0,1066112
2021-10-14,15037.25,15071.5,14766.75,14770.0,721150
2021-10-15,15134.5,15145.0,15020.75,15064.5,666222
2021-10-18,15290.5,15300.0,15038.5,15146.25,681748
2021-10-19,15398.5,15428.5,15269.5,15290.25,678659
2021-10-20,15377.5,15446.75,15319.25,15410.5,686660
2021-10-21,15478.75,15483.75,15300.75,15358.25,659392
2021-10-22,15341.0,15463.75,15273.75,15385.5,952185
2021-10-25,15495.75,15545.75,15296.5,15325.5,660502
2021-10-26,15545.0,15701.0,15502.75,15543.5,913242
2021-10-27,15587.25,15717.25,15507.25,15523.25,836528
2021-10-28,15764.75,15777.75,15591.25,15596.0,771200
2021-10-29,15838.5,15869.0,15595.0,15677.0,830699
2021-11-01,15894.25,15914.75,15768.75,15875.0,684100
2021-11-02,15961.25,15980.25,15849.5,15891.25,773284
2021-11-03,16129.75,16146.0,15935.0,15958.5,808740
2021-11-04,16330.75,16378.5,16128.0,16130.0,932803
2021-11-05,16351.75,16448.5,16292.25,16335.5,1054835
2021-11-08,16327.75,16394.25,16265.0,16300.0,906232
2021-11-09,16212.75,16391.75,16160.0,16313.25,1213171
2021-11-10,15980.5,16243.0,15897.75,16202.25,1337125
2021-11-11,16022.75,16113.5,15976.0,15990.25,831362
2021-11-12,16192.75,16213.5,16001.75,16042.0,791656
2021-11-15,16187.75,16276.5,16082.75,16211.0,897251
2021-11-16,16300.75,16323.75,16142.5,16199.0,754890
2021-11-17,16311.5,16398.75,16269.75,16296.75,773029
2021-11-18,16481.25,16509.0,16303.75,16322.0,879355
2021-11-19,16575.0,16628.5,16490.0,16505.5,837901
2021-11-22,16382.0,16767.5,16364.75,16599.75,1074467
2021-11-23,16312.0,16418.75,16118.5,16399.75,1481693
2021-11-24,16366.0,16368.5,16102.0,16299.0,1087244
2021-11-26,16051.0,16435.75,15988.0,16361.0,1340409
2021-11-29,16390.75,16437.75,16037.0,16046.25,1132287
2021-11-30,16150.5,16456.5,16068.25,16418.75,1681807
2021-12-01,15869.75,16427.75,15826.5,16235.75,1468158
2021-12-02,15988.5,16066.5,15763.25,15890.5,1742231
2021-12-03,15717.75,16121.75,15538.0,16019.0,1502956
2021-12-06,15842.75,15897.0,15559.25,15703.75,1346723
2021-12-07,16318.0,16375.0,15825.0,15849.0,906098
2021-12-08,16392.25,16436.0,16251.5,16363.75,864094
2021-12-09,16148.75,16420.0,16120.25,16380.75,974796
2021-12-10,16329.75,16336.0,16127.5,16159.0,494613
2021-12-13,16082.0,16411.75,16064.0,16321.0,366672
2021-12-14,15924.75,16133.5,15738.75,16092.5,364646
2021-12-15,16288.0,16302.75,15744.5,15932.0,235546
2021-12-16,15870.5,16459.25,15800.25,16288.0,259704
2021-12-17,15717.3203125,15902.0,15668.5,15877.5,1524382
2021-12-20,15621.25,15851.75,15491.75,15810.0,1218074
2021-12-21,15980.0,15987.0,15605.25,15679.25,1003755
2021-12-22,16169.75,16183.25,15882.25,15980.25,830985
2021-12-23,16299.0,16355.75,16145.25,16181.5,589897
2021-12-27,16560.0,16580.75,16304.25,16304.25,559712
2021-12-28,16488.0,16658.5,16453.25,16569.25,784195
2021-12-29,16490.5,16564.0,16387.75,16518.25,652084
2021-12-30,16430.25,16567.5,16411.25,16487.5,560321
2021-12-31,16320.75,16464.0,16313.25,16430.25,551157
2022-01-03,16485.5,16507.75,16291.5,16355.0,871437
2022-01-04,16275.75,16564.0,16139.75,16496.5,969575
2022-01-05,15766.5,16270.0,15751.75,16265.75,1296059
2022-01-06,15759.0,15895.75,15598.5,15761.5,1484261
2022-01-07,15581.0,15853.25,15510.25,15800.75,1382039
2022-01-10,15608.0,15668.75,15152.5,15589.5,1884102
2022-01-11,15831.0,15840.0,15474.5,15616.75,1469915
2022-01-12,15887.25,16009.5,15762.5,15826.75,1460685
2022-01-13,15490.25,15979.25,15458.25,15901.5,1511351
2022-01-14,15595.75,15620.0,15312.25,15506.0,1657140
2022-01-18,15206.0,15653.75,15170.75,15616.75,1990559
2022-01-19,15033.5,15372.25,15011.0,15240.0,1902559
2022-01-20,14841.0,15340.5,14646.75,15042.0,1599087
2022-01-21,14426.5,14858.5,14408.25,14737.0,2368604
2022-01-24,14501.0,14579.75,13706.25,14409.75,3031466
2022-01-25,14140.75,14499.25,13890.0,14494.25,2482422
2022-01-26,14158.5,14642.25,13943.75,13945.0,2287939
2022-01-27,13986.75,14409.75,13845.25,14178.25,2134053
2022-01-28,14433.0,14442.5,13830.75,14142.0,2111995
2022-01-31,14905.0,14914.5,14353.5,14450.0,1476659
2022-02-01,14994.75,15138.0,14729.25,14865.75,1509628
2022-02-02,15114.5,15261.5,14825.25,15128.5,1472633
2022-02-03,14492.25,14870.0,14456.5,14857.0,1553167
2022-02-04,14685.5,14825.75,14363.25,14776.75,1791334
2022-02-07,14559.75,14806.5,14511.25,14674.5,1389444
2022-02-08,14734.5,14775.75,14467.75,14603.0,1274054
2022-02-09,15038.25,15068.0,14740.0,14744.75,1030974
2022-02-10,14701.0,15061.5,14622.0,15058.75,1812572
2022-02-11,14240.5,14766.75,14181.0,14700.0,1873037
2022-02-14,14253.0,14394.0,14030.75,14250.25,1798430
2022-02-15,14609.5,14615.0,14223.25,14250.25,1315850
2022-02-16,14600.0,14668.5,14381.0,14594.0,1242059
2022-02-17,14164.75,14619.75,14133.5,14593.25,1382785
2022-02-18,13996.0,14299.0,13906.0,14156.0,1725909
2022-02-22,13862.75,14157.0,13592.25,13953.25,2757278
2022-02-23,13507.5,14069.0,13471.25,13925.5,1810490
2022-02-24,13966.5,13983.5,13025.75,13484.75,3078445
2022-02-25,14180.5,14198.0,13759.25,13911.0,1863502
2022-02-28,14228.0,14292.5,13691.0,14005.0,1957726
2022-03-01,14005.5,14327.5,13900.0,14218.0,1745316
2022-03-02,14239.25,14293.25,13912.0,14026.5,1451574
2022-03-03,14030.5,14391.25,13955.0,14195.25,1229518
2022-03-04,13839.75,14086.0,13733.5,14065.25,1549904
2022-03-07,13320.75,13879.75,13265.0,13778.5,1595359
2022-03-08,13267.0,13666.25,13105.25,13282.5,2215437
2022-03-09,13734.75,13822.5,13192.0,13194.25,1383839
2022-03-10,13586.0,13780.0,13396.25,13774.25,1389845
2022-03-11,13292.0,13861.5,13282.0,13575.25,711671
2022-03-14,13045.5,13446.5,13013.0,13330.75,523866
2022-03-15,13451.75,13489.0,12943.0,13082.0,445441
2022-03-16,13953.0,14031.75,13391.75,13443.5,360787
2022-03-17,14111.75,14136.0,13822.25,14000.0,223431
2022-03-18,14095.3095703125,14095.3095703125,13971.0,14052.75,1050588
2022-03-21,14370.5,14466.75,14183.75,14404.5,1190981
2022-03-22,14654.0,14692.0,14292.5,14389.0,1071514
2022-03-23,14447.0,14682.75,14441.5,14652.75,1190069
2022-03-24,14763.75,14770.0,14433.25,14463.5,1090348
2022-03-25,14755.75,14841.25,14572.5,14763.0,1143416
2022-03-28,14985.25,14996.5,14658.75,14755.25,1060897
2022-03-29,15237.75,15269.0,14956.25,14982.25,1117358
2022-03-30,15071.5,15262.5,15012.0,15220.0,1006324
2022-03-31,14868.75,15181.0,14855.5,15100.0,1053354
2022-04-01,14863.75,14959.25,14725.5,14921.5,1054828
2022-04-04,15164.25,15174.0,14802.0,14847.5,767180
2022-04-05,14828.0,15199.25,14780.0,15160.0,1000862
2022-04-06,14505.25,14864.0,14395.5,14860.75,1454298
2022-04-07,14536.0,14634.0,14318.25,14492.0,1297426
2022-04-08,14327.0,14642.5,14310.5,14534.5,1156905
2022-04-11,14000.0,14379.75,13984.5,14334.0,1105421
2022-04-12,13945.0,14284.0,13880.0,14004.5,1369593
2022-04-13,14221.5,14266.75,13921.5,13954.0,1082174
2022-04-14,13893.75,14296.0,13876.0,14210.5,1043012
2022-04-18,13907.75,14002.25,13729.25,13894.0,1053774
2022-04-19,14217.25,14240.75,13828.0,13960.75,1086225
2022-04-20,14004.75,14298.0,13958.25,14099.0,1233171
2022-04-21,13728.25,14283.0,13667.25,14070.25,1370973
2022-04-22,13353.5,13779.0,13295.75,13719.0,1565096
2022-04-25,13535.75,13550.0,13183.75,13323.5,1845141
2022-04-26,13016.0,13584.5,12803.0,13528.0,1582094
2022-04-27,13009.0,13255.0,12860.0,12861.75,1937454
2022-04-28,13454.75,13542.25,13033.5,13188.0,1676647
2022-04-29,12852.0,13433.5,12831.75,13250.0,1622144
2022-05-02,13073.0,13084.5,12709.5,12892.5,1850584
2022-05-03,13087.5,13184.0,12968.0,13055.5,1451239
2022-05-04,13531.25,13555.25,12882.0,13120.25,1397525
2022-05-05,12858.0,13547.75,12704.0,13496.75,1852147
2022-05-06,12695.75,12929.25,12519.25,12890.0,2004808
2022-05-09,12193.75,12636.75,12131.5,12606.5,1804845
2022-05-10,12349.0,12547.25,12101.75,12205.0,2231616
2022-05-11,11969.75,12553.75,11938.5,12330.5,2069862
2022-05-12,11947.25,12132.75,11689.25,12003.25,2112357
2022-05-13,12382.75,12432.0,11890.0,11890.25,1446233
2022-05-16,12244.75,12499.0,12189.75,12410.0,1681669
2022-05-17,12560.25,12578.75,12230.0,12238.0,1495970
2022-05-18,11935.5,12593.5,11863.25,12574.25,1648600
2022-05-19,11878.25,12077.0,11704.25,11904.25,2079957
2022-05-20,11840.75,12096.5,11491.25,11899.25,1855848
2022-05-23,12035.25,12075.5,11783.75,11858.5,1738796
2022-05-24,11771.0,11936.0,11576.25,11934.0,1816566
2022-05-25,11942.25,12033.25,11671.0,11810.5,1744754
2022-05-26,12279.25,12343.5,11848.5,11882.25,1323682
2022-05-27,12677.75,12723.75,12222.0,12251.75,1175989
2022-05-31,12646.5,12882.5,12480.0,12705.5,2010540
2022-06-01,12551.0,12823.25,12454.75,12646.5,1479482
2022-06-02,12893.75,12903.75,12442.25,12549.25,1198080
2022-06-03,12551.0,12945.0,12503.0,12894.5,1336763
2022-06-06,12605.0,12810.5,12527.0,12548.0,1110459
2022-06-07,12711.5,12740.5,12412.0,12604.75,1089787
2022-06-08,12615.75,12783.5,12579.0,12683.75,1211026
2022-06-09,12275.0,12726.0,12255.5,12617.75,1426720
2022-06-10,11840.0,12339.5,11822.75,12298.25,1002808
2022-06-13,11296.5,11803.75,11254.5,11803.75,999074
2022-06-14,11314.25,11505.25,11204.75,11333.5,776935
2022-06-15,11593.75,11759.25,11325.5,11334.0,452807
2022-06-16,11124.75,11737.75,11037.0,11605.75,436241
2022-06-17,11130.3896484375,11288.75,11124.0,11173.0,1607784
2022-06-21,11577.25,11678.5,11274.0,11331.25,1578311
2022-06-22,11565.75,11746.5,11320.5,11579.0,1473135
2022-06-23,11737.5,11767.25,11460.5,11543.5,1532281
2022-06-24,12140.5,12149.0,11684.25,11690.0,1201185
2022-06-27,12040.5,12262.75,11994.25,12140.0,1523795
2022-06-28,11674.25,12174.25,11661.5,12075.0,1556924
2022-06-29,11691.0,11749.0,11564.0,11680.75,1445356
2022-06-30,11529.5,11697.0,11350.75,11695.0,1674013
2022-07-01,11611.25,11629.75,11381.75,11511.0,1526524
2022-07-05,11808.5,11817.0,11388.75,11613.0,1994819
2022-07-06,11880.25,11974.0,11728.25,11813.75,1692968
2022-07-07,12138.5,12168.75,11837.25,11903.5,1114091
2022-07-08,12152.0,12211.0,11952.75,12115.75,1346427
2022-07-11,11884.25,12155.0,11853.0,12148.75,1209453
2022-07-12,11779.0,12025.5,11712.0,11900.0,1363711
2022-07-13,11762.25,11998.0,11478.0,11779.5,1660301
2022-07-14,11797.5,11834.75,11511.0,11730.5,1395399
2022-07-15,12007.5,12021.75,11741.0,11808.0,1240021
2022-07-18,11907.0,12186.75,11857.75,12040.75,1130484
2022-07-19,12274.0,12328.75,11889.5,11911.5,1131634
2022-07-20,12465.25,12517.5,12236.0,12333.25,1275622
2022-07-21,12640.0,12655.5,12373.5,12431.25,1295236
2022-07-22,12423.5,12697.0,12344.5,12560.0,1286035
2022-07-25,12354.5,12498.75,12266.5,12440.0,1142603
2022-07-26,12112.5,12334.0,12070.0,12318.5,1076778
2022-07-27,12619.0,12690.0,12190.25,12192.75,1302374
2022-07-28,12737.5,12948.0,12449.25,12582.75,1382658
2022-07-29,12971.5,13012.5,12744.25,12923.75,1265494
2022-08-01,12962.5,13108.5,12851.25,12980.0,1300240
2022-08-02,12924.5,13097.0,12816.25,12975.25,1441063
2022-08-03,13271.5,13310.5,12867.25,12921.5,1211240
2022-08-04,13327.0,13356.0,13184.5,13248.0,1246593
2022-08-05,13228.75,13385.0,13085.5,13322.0,1353890
2022-08-08,13183.25,13419.5,13120.5,13226.0,1377657
2022-08-09,13031.5,13233.5,12963.25,13210.75,1210607
2022-08-10,13392.0,13408.0,12981.75,13048.5,1171305
2022-08-11,13311.25,13575.75,13284.75,13380.25,1302125
2022-08-12,13577.75,13583.0,13312.25,13347.5,1005828
2022-08-15,13681.25,13705.75,13495.75,13572.0,905232
2022-08-16,13658.25,13740.5,13522.75,13673.5,1042281
2022-08-17,13493.25,13673.25,13406.25,13663.0,1233602
2022-08-18,13523.25,13575.5,13411.25,13502.5,1088505
2022-08-19,13268.5,13535.0,13227.0,13534.75,1066297
2022-08-22,12909.75,13229.0,12875.5,13227.5,1124261
2022-08-23,12896.5,13019.0,12823.5,12935.5,1233531
2022-08-24,12929.75,13012.0,12825.75,12890.5,1005492
2022-08-25,13156.0,13161.5,12925.0,12945.25,1153812
2022-08-26,12620.5,13220.0,12555.25,13155.5,1388520
2022-08-29,12492.75,12610.0,12401.5,12484.25,1519231
2022-08-30,12358.75,12659.0,12247.5,12502.0,1780281
2022-08-31,12285.25,12513.0,12276.25,12360.5,1435639
2022-09-01,12292.25,12300.0,12018.25,12290.0,1578434
2022-09-02,12104.25,12462.0,12040.5,12300.0,1594950
2022-09-06,12019.0,12244.75,11930.0,12111.5,1937449
2022-09-07,12263.25,12306.25,11922.25,12019.25,1333511
2022-09-08,12321.75,12379.5,12117.0,12262.75,1484712
2022-09-09,12592.5,12614.25,12329.25,12346.25,699465
2022-09-12,12740.75,12774.0,12573.25,12614.75,616332
2022-09-13,12036.5,12889.0,12002.75,12771.75,571848
2022-09-14,12142.0,12174.0,12001.0,12045.0,402665
2022-09-15,11934.75,12187.75,11866.5,12160.0,208567
2022-09-16,11814.580078125,11885.0,11740.0,11880.0,1443532
2022-09-19,12024.0,12066.5,11792.25,11920.5,1233530
2022-09-20,11922.25,12092.5,11828.5,12043.75,1334120
2022-09-21,11710.0,12139.0,11647.0,11948.0,1558233
2022-09-22,11565.5,11795.75,11510.0,11663.75,1588742
2022-09-23,11376.75,11600.0,11228.75,11580.0,1524511
2022-09-26,11316.25,11537.75,11256.5,11362.5,1768686
2022-09-27,11333.75,11568.0,11233.5,11316.0,1656254
2022-09-28,11555.75,11612.5,11141.75,11357.5,1665831
2022-09-29,11228.25,11566.25,11091.5,11540.0,1515724
2022-09-30,11035.5,11357.0,11024.5,11224.75,1629802
2022-10-03,11285.75,11357.75,10890.5,11028.75,1456881
2022-10-04,11640.75,11676.25,11282.75,11315.0,1412590
2022-10-05,11623.75,11711.0,11368.0,11632.0,1397613
2022-10-06,11541.75,11730.0,11505.5,11628.75,1579103
2022-10-07,11101.5,11577.0,11043.25,11498.25,1462387
2022-10-10,10984.5,11136.5,10876.75,11066.75,1411118
2022-10-11,10845.0,11039.75,10767.25,10989.0,1707261
2022-10-12,10840.5,10976.75,10805.75,10876.5,1480012
2022-10-13,11083.75,11142.25,10484.5,10855.0,2055351
2022-10-14,10744.0,11253.75,10726.75,11070.0,1790065
2022-10-17,11110.25,11149.0,10705.0,10720.5,1323283
2022-10-18,11198.75,11431.75,11081.5,11161.75,1736014
2022-10-19,11153.25,11382.5,11050.25,11323.75,1520065
2022-10-20,11090.75,11329.0,11008.0,11141.75,1466865
2022-10-21,11358.5,11386.25,10937.0,11062.75,1638860
2022-10-24,11478.75,11530.75,11207.75,11393.75,1415346
2022-10-25,11713.5,11732.75,11430.5,11459.75,1219402
2022-10-26,11446.0,11703.5,11413.5,11520.0,1518876
2022-10-27,11235.25,11537.75,10924.5,11423.0,1602442
2022-10-28,11587.0,11627.0,11062.0,11124.5,1338252
2022-10-31,11447.25,11600.0,11367.0,11593.5,1114645
2022-11-01,11332.0,11619.0,11288.75,11451.75,1299271
2022-11-02,10944.5,11459.75,10908.25,11319.0,1309285
2022-11-03,10728.0,10995.75,10708.0,10944.75,1412676
2022-11-04,10890.25,10974.25,10636.0,10724.5,1860620
2022-11-07,11014.25,11038.5,10775.75,10829.25,1244725
2022-11-08,11094.25,11231.5,10928.25,11014.5,1323757
2022-11-09,10830.75,11164.75,10822.0,11079.0,1377872
2022-11-10,11632.25,11677.0,10809.0,10841.75,1432721
2022-11-11,11848.0,11876.75,11569.5,11670.0,1496274
2022-11-14,11734.75,11898.5,11702.0,11796.0,1151123
2022-11-15,11904.25,12118.5,11761.5,11769.0,1652360
2022-11-16,11739.5,11962.25,11706.0,11889.0,1289654
2022-11-17,11710.5,11828.25,11528.0,11773.75,1290893
2022-11-18,11708.0,11844.0,11606.5,11746.5,1234910
2022-11-21,11588.0,11755.25,11553.25,11720.0,978909
2022-11-22,11754.5,11759.25,11525.5,11587.75,910314
2022-11-23,11862.75,11892.75,11720.25,11741.0,912095
2022-11-25,11782.75,11932.75,11766.25,11878.0,536492
2022-11-28,11616.25,11788.25,11574.75,11735.25,908381
2022-11-29,11524.75,11704.25,11465.0,11625.5,1024726
2022-11-30,12042.25,12077.75,11497.75,11519.25,1338839
2022-12-01,12062.75,12144.75,11943.75,12074.75,1249676
2022-12-02,12010.25,12068.0,11740.25,12039.0,1094953
2022-12-05,11805.75,12015.0,11745.25,12000.0,938136
2022-12-06,11566.0,11846.0,11502.0,11813.0,1130245
2022-12-07,11509.5,11596.0,11423.25,11568.5,1197842
2022-12-08,11645.5,11685.5,11434.25,11500.0,955939
2022-12-09,11569.75,11748.0,11516.5,11638.75,905825
2022-12-12,11711.75,11717.25,11523.0,11555.0,447210
2022-12-13,11839.75,12228.25,11675.5,11699.0,593596
2022-12-14,11750.75,11948.5,11611.5,11831.5,312661
2022-12-15,11347.25,11779.25,11298.25,11765.25,220689
2022-12-16,11327.0400390625,11381.5,11205.5,11333.0,1108183
2022-12-19,11193.25,11411.0,11131.5,11327.0,925805
2022-12-20,11175.75,11247.25,11042.75,11182.25,1131393
2022-12-21,11334.5,11389.75,11181.0,11201.5,961542
2022-12-22,11054.25,11384.25,10870.5,11359.75,1040361
2022-12-23,11075.25,11143.25,10915.75,11053.5,1027774
2022-12-27,10915.5,11184.0,10895.75,11101.75,847658
2022-12-28,10772.75,10996.5,10758.25,10918.0,927100
2022-12-29,11032.75,11071.5,10777.5,10786.75,769734
2022-12-30,11022.25,11051.75,10855.5,11032.75,870635
2023-01-03,10945.5,11181.75,10844.25,11117.0,1079765
2023-01-04,10999.25,11068.0,10863.25,10941.75,1214791
2023-01-05,10820.25,11046.25,10804.75,10983.75,1114944
2023-01-06,11113.5,11166.0,10751.0,10837.75,1283376
2023-01-09,11185.5,11385.5,11120.25,11128.75,1080273
2023-01-10,11282.0,11289.25,11094.25,11181.25,1175089
2023-01-11,11476.5,11479.5,11239.5,11281.75,967889
2023-01-12,11534.25,11580.0,11288.5,11471.75,1514447
2023-01-13,11608.0,11619.25,11389.5,11529.75,1036574
2023-01-17,11624.5,11685.0,11510.25,11612.5,1202686
2023-01-18,11475.75,11759.5,11467.75,11622.0,1282025
2023-01-19,11356.5,11486.75,11308.5,11470.0,1188800
2023-01-20,11677.0,11686.0,11365.25,11405.5,1039642
2023-01-23,11934.0,11983.0,11650.25,11677.75,1081571
2023-01-24,11909.5,12010.0,11835.75,11933.0,984207
2023-01-25,11873.25,11976.5,11604.5,11973.0,1256734
2023-01-26,12106.75,12113.25,11867.25,11875.0,1148274
2023-01-27,12222.25,12308.0,12016.0,12050.25,1149579
2023-01-30,11968.0,12252.0,11960.0,12213.25,1161133
2023-01-31,12152.0,12156.0,11871.25,11984.25,1067678
2023-02-01,12414.25,12525.0,12055.0,12121.25,1081997
2023-02-02,12846.75,12950.0,12501.25,12514.0,1400476
2023-02-03,12624.0,12877.75,12550.5,12739.5,1501923
2023-02-06,12515.5,12608.75,12456.5,12578.25,1087789
2023-02-07,12776.75,12818.75,12459.25,12517.0,1281583
2023-02-08,12545.25,12809.0,12512.5,12746.0,1056940
2023-02-09,12425.5,12729.5,12366.0,12557.25,1183273
2023-02-10,12346.25,12451.5,12243.0,12445.75,1161148
2023-02-13,12540.5,12567.75,12265.0,12353.25,901532
2023-02-14,12631.0,12685.75,12390.5,12547.75,1517022
2023-02-15,12730.0,12756.75,12524.25,12618.75,1058771
2023-02-16,12482.5,12792.5,12455.25,12743.75,1198917
2023-02-17,12390.0,12464.0,12265.5,12461.0,1120246
2023-02-21,12096.75,12418.0,12091.5,12383.0,1052640
2023-02-22,12097.5,12190.75,12034.25,12111.25,1075725
2023-02-23,12207.5,12261.0,12028.0,12175.5,1012344
2023-02-24,11997.0,12214.25,11922.75,12191.25,1027180
2023-02-27,12083.25,12189.5,11987.75,12002.25,849862
2023-02-28,12072.25,12173.75,12025.75,12092.0,914267
2023-03-01,11961.75,12142.0,11925.0,12042.75,968760
2023-03-02,12062.0,12096.25,11831.5,11968.5,976826
2023-03-03,12311.25,12329.75,12012.25,12050.75,877371
2023-03-06,12323.5,12485.75,12276.0,12307.75,900558
2023-03-07,12169.0,12381.75,12142.25,12322.5,1077645
2023-03-08,12228.25,12254.5,12108.5,12174.75,1024321
2023-03-09,12007.25,12353.75,11977.0,12223.0,1204893
2023-03-10,11840.25,12112.0,11796.5,12008.75,1664090
2023-03-13,11931.75,12095.75,11677.0,11888.0,857903
2023-03-14,12207.0,12223.0,11903.0,11956.25,362006
2023-03-15,12247.75,12280.0,11971.5,12203.25,302259
2023-03-16,12583.0,12600.0,12189.0,12265.5,154357
2023-03-17,12594.650390625,12636.0,12500.0,12580.75,1277399
2023-03-20,12688.5,12750.0,12525.5,12689.25,1165935
2023-03-21,12867.25,12897.5,12676.25,12698.75,878604
2023-03-22,12707.0,13081.75,12677.5,12873.5,1119564
2023-03-23,12854.0,13031.5,12695.0,12698.25,1367957
2023-03-24,12890.25,12925.25,12726.0,12872.0,1275463
2023-03-27,12788.5,12976.25,12765.75,12916.0,974514
2023-03-28,12732.5,12833.5,12634.75,12812.0,821787
2023-03-29,12965.0,12993.0,12742.0,12747.0,823177
2023-03-30,13082.0,13112.0,12931.25,12965.0,853717
2023-03-31,13301.75,13311.5,13056.5,13080.0,817919
2023-04-03,13270.0,13278.75,13154.25,13262.5,818610
2023-04-04,13219.0,13348.75,13168.75,13261.75,906773
2023-04-05,13079.75,13247.25,13006.0,13232.0,846841
2023-04-06,13170.75,13191.25,12952.5,13075.25,86869
2023-04-10,13158.0,13206.25,12967.5,13178.0,766868
2023-04-11,13074.75,13209.25,13051.75,13168.75,830152
2023-04-12,12952.25,13241.0,12938.0,13076.0,1147937
2023-04-13,13209.75,13228.5,12925.25,12955.0,847188
2023-04-14,13181.25,13255.0,13056.0,13181.0,1018374
2023-04-17,13186.5,13218.0,13077.0,13210.0,881577
2023-04-18,13193.0,13298.5,13138.25,13185.75,915110
2023-04-19,13183.0,13227.0,13065.0,13174.0,824835
2023-04-20,13074.25,13199.75,13022.0,13166.0,971192
2023-04-21,13090.5,13121.75,12982.75,13090.0,898611
2023-04-24,13056.5,13134.0,12967.25,13071.25,834869
2023-04-25,12809.5,13059.75,12801.0,13050.25,992431
2023-04-26,12887.75,13012.5,12863.0,12929.75,1076220
2023-04-27,13231.25,13331.5,12936.0,12962.0,966685
2023-04-28,13320.25,13336.75,13168.75,13220.0,965388
2023-05-01,13306.75,13367.25,13258.75,13316.25,810359
2023-05-02,13184.5,13334.5,13111.0,13288.5,932745
2023-05-03,13100.75,13310.0,13079.75,13163.25,1018257
2023-05-04,13043.75,13172.0,13001.75,13067.75,1014116
2023-05-05,13317.75,13358.75,13055.75,13059.0,780711
2023-05-08,13352.25,13368.0,13254.5,13315.5,673681
2023-05-09,13264.75,13347.25,13249.25,13336.0,664563
2023-05-10,13409.5,13448.0,13202.0,13261.5,1150356
2023-05-11,13446.5,13472.0,13361.5,13408.5,946253
2023-05-12,13396.25,13494.75,13310.0,13444.0,853854
2023-05-15,13468.0,13479.0,13350.0,13379.25,719512
2023-05-16,13483.25,13554.25,13426.25,13466.75,785954
2023-05-17,13643.5,13669.25,13474.0,13500.5,801492
2023-05-18,13894.0,13913.75,13628.25,13641.5,974758
2023-05-19,13858.0,13960.5,13814.25,13908.25,913863
2023-05-22,13902.5,13946.75,13794.25,13813.75,778815
2023-05-23,13728.75,13977.25,13711.0,13911.5,879671
2023-05-24,13650.25,13845.25,13566.75,13732.0,966440
2023-05-25,13976.5,14031.5,13803.0,13871.25,1144408
2023-05-26,14332.5,14372.5,13924.75,13981.75,979505
2023-05-30,14396.75,14570.0,14336.25,14418.25,1222423
2023-05-31,14300.5,14430.0,14252.5,14398.0,1032191
2023-06-01,14472.25,14528.25,14248.0,14290.0,947341
2023-06-02,14575.25,14627.75,14470.0,14494.5,960375
2023-06-05,14588.75,14695.25,14512.75,14582.75,955175
2023-06-06,14586.5,14624.0,14505.0,14582.0,825671
2023-06-07,14331.5,14675.5,14305.5,14593.5,1110723
2023-06-08,14503.0,14527.0,14257.0,14318.75,961594
2023-06-09,14556.25,14688.0,14460.25,14518.75,987711
2023-06-12,14800.5,14826.75,14553.75,14561.5,346323
2023-06-13,14914.25,14968.25,14779.5,14825.0,320709
2023-06-14,15012.75,15059.5,14793.0,14928.0,201554
2023-06-15,15188.0,15252.0,14883.0,15041.0,152424
2023-06-16,15316.6103515625,15326.0,15130.25,15193.75,1000125
2023-06-20,15256.5,15321.75,15126.25,15302.5,1052906
2023-06-21,15044.0,15273.0,15002.5,15247.0,945397
2023-06-22,15214.75,15238.0,14964.0,15042.0,994988
2023-06-23,15058.25,15236.5,14984.75,15236.0,998278
2023-06-26,14856.5,15152.25,14853.5,15058.25,1039539
2023-06-27,15111.5,15139.75,14862.5,14874.75,961486
2023-06-28,15130.0,15218.75,15021.25,15087.0,1099390
2023-06-29,15100.25,15202.75,15028.5,15160.5,988008
2023-06-30,15337.0,15376.5,15098.75,15107.0,782655
2023-07-03,15364.75,15392.0,15307.5,15331.5,429677
2023-07-05,15360.75,15431.75,15255.25,15356.5,868758
2023-07-06,15238.0,15365.75,15112.0,15355.0,954281
2023-07-07,15181.75,15359.75,15172.0,15214.0,1042065
2023-07-10,15187.0,15219.75,15063.5,15195.75,1025927
2023-07-11,15260.0,15279.75,15109.0,15192.75,930817
2023-07-12,15444.75,15507.75,15253.25,15260.0,1077628
2023-07-13,15711.5,15741.25,15455.75,15459.75,873031
2023-07-14,15694.25,15857.5,15658.0,15699.5,992104
2023-07-17,15840.75,15886.75,15661.0,15690.25,797555
2023-07-18,15974.75,16030.0,15733.5,15827.0,957136
2023-07-19,15959.25,16062.5,15911.0,15952.0,1093845
2023-07-20,15592.25,15925.75,15547.5,15925.75,1206792
2023-07-21,15540.0,15719.5,15522.25,15594.0,1151784
2023-07-24,15561.25,15618.25,15484.5,15555.75,912619
2023-07-25,15673.0,15736.0,15549.0,15569.25,826753
2023-07-26,15610.75,15739.5,15515.0,15725.25,1110099
2023-07-27,15571.0,15904.0,15512.5,15639.25,1350572
2023-07-28,15847.5,15895.75,15546.5,15584.0,1156299
2023-07-31,15857.5,15916.5,15791.25,15849.5,912108
2023-08-01,15817.25,15889.0,15728.0,15867.5,891307
2023-08-02,15473.0,15790.0,15413.25,15769.5,1263570
2023-08-03,15438.75,15552.25,15339.25,15452.5,1206265
2023-08-04,15354.0,15610.25,15336.5,15444.0,1403814
2023-08-07,15485.5,15495.25,15334.5,15369.75,1063835
2023-08-08,15354.25,15498.0,15216.25,15490.75,1058237
2023-08-09,15178.25,15432.75,15145.0,15351.5,1120131
2023-08-10,15201.25,15441.75,15136.0,15202.25,1460558
2023-08-11,15095.75,15266.75,15037.25,15218.75,1132060
2023-08-14,15270.25,15282.25,15020.0,15105.0,1044116
2023-08-15,15106.5,15335.0,15076.0,15281.75,1172726
2023-08-16,14942.25,15165.5,14921.75,15113.0,1130557
2023-08-17,14778.0,15018.0,14738.75,14942.5,1188060
2023-08-18,14744.0,14802.75,14609.25,14750.0,1318274
2023-08-21,14985.75,15013.75,14720.5,14763.25,1103987
2023-08-22,14958.5,15118.5,14931.0,14972.0,1141176
2023-08-23,15195.5,15355.75,14955.25,14964.0,1023851
2023-08-24,14862.0,15417.75,14816.75,15341.25,1514736
2023-08-25,14979.25,15049.0,14752.75,14838.0,1589191
2023-08-28,15092.5,15126.75,14973.25,14991.75,1170233
2023-08-29,15415.75,15430.0,15050.0,15096.0,1019044
2023-08-30,15501.25,15524.5,15361.25,15424.25,1117435
2023-08-31,15538.5,15606.75,15458.5,15512.5,1116087
2023-09-01,15516.25,15661.25,15453.5,15534.75,1064967
2023-09-05,15534.5,15587.0,15418.5,15517.75,1165851
2023-09-06,15399.5,15532.75,15310.5,15512.5,1022363
2023-09-07,15282.25,15395.5,15157.5,15388.75,1159920
2023-09-08,15297.5,15390.5,15222.75,15287.0,1029955
2023-09-11,15475.75,15498.0,15297.75,15308.0,458735
2023-09-12,15304.75,15480.75,15289.5,15464.0,290478
2023-09-13,15356.25,15424.25,15212.5,15308.0,240973
2023-09-14,15478.0,15517.75,15336.75,15373.25,144086
2023-09-15,15435.2001953125,15524.0,15400.0,15476.0,1185757
2023-09-18,15414.5,15460.75,15330.5,15383.75,980761
2023-09-19,15375.25,15442.5,15248.5,15424.5,1051906
2023-09-20,15152.0,15436.5,15127.75,15378.75,1177026
2023-09-21,14862.75,15148.0,14838.5,15133.0,1261759
2023-09-22,14869.5,15027.25,14835.75,14850.0,1134088
2023-09-25,14935.25,14956.0,14782.5,14879.0,1171444
2023-09-26,14715.0,14952.5,14666.25,14952.5,1255260
2023-09-27,14739.0,14821.25,14587.25,14726.5,1373653
2023-09-28,14859.75,14948.0,14656.25,14771.0,1429002
2023-09-29,14866.5,15060.75,14811.0,14877.0,1471532
2023-10-02,14984.75,15046.25,14824.75,14962.25,1554218
2023-10-03,14714.5,15031.0,14651.5,14992.0,1498571
2023-10-04,14923.75,14955.75,14589.25,14715.0,1524342
2023-10-05,14861.75,14958.75,14716.0,14904.25,1359928
2023-10-06,15112.0,15160.5,14660.25,14856.0,1579512
2023-10-09,15187.0,15212.75,14949.25,15076.0,1125602
2023-10-10,15270.75,15383.5,15173.0,15199.0,1161981
2023-10-11,15380.0,15417.5,15253.0,15278.75,1166562
2023-10-12,15315.0,15469.5,15216.25,15408.25,1323805
2023-10-13,15120.25,15367.0,15062.0,15326.0,1499806
2023-10-16,15289.5,15338.0,15083.0,15119.75,1210425
2023-10-17,15240.75,15309.25,15050.0,15304.75,1308204
2023-10-18,15025.25,15243.0,14979.0,15243.0,1565886
2023-10-19,14890.0,15138.0,14839.25,15048.0,1984316
2023-10-20,14664.0,14887.75,14645.0,14850.25,1473441
2023-10-23,14712.0,14854.25,14514.25,14678.75,1379601
2023-10-24,14846.5,14950.0,14705.75,14746.0,1352289
2023-10-25,14478.25,14854.5,14440.0,14831.5,1407896
2023-10-26,14194.0,14459.25,14136.5,14430.75,1797107
2023-10-27,14265.25,14407.5,14209.5,14244.0,1468765
2023-10-30,14416.5,14476.25,14302.25,14329.0,1193512
2023-10-31,14490.25,14503.5,14311.25,14412.0,1248926
2023-11-01,14744.5,14762.0,14411.0,14458.0,1287302
2023-11-02,14998.0,15015.75,14759.75,14760.0,1049634
2023-11-03,15178.75,15228.5,14924.25,14931.25,1085949
2023-11-06,15232.5,15257.5,15138.0,15187.0,857920
2023-11-07,15374.25,15412.75,15175.75,15216.75,988596
2023-11-08,15386.5,15417.75,15286.5,15372.0,940237
2023-11-09,15256.0,15453.25,15236.75,15360.0,1243724
2023-11-10,15596.25,15616.25,15207.0,15254.75,1090380
2023-11-13,15547.0,15601.0,15465.25,15585.75,874797
2023-11-14,15879.75,15918.75,15551.75,15559.5,1016422
2023-11-15,15889.25,16049.0,15832.0,15894.25,1081674
2023-11-16,15897.5,15907.25,15797.75,15844.0,1063757
2023-11-17,15895.75,15940.0,15824.5,15898.25,871649
2023-11-20,16086.5,16116.75,15837.5,15891.25,861071
2023-11-21,15990.25,16122.5,15912.0,16089.75,868972
2023-11-22,16049.25,16173.25,15942.5,15970.0,1065880
2023-11-23,16062.25,16086.75,16034.0,16039.75,1065880
2023-11-24,16021.0,16086.75,15981.75,16039.75,545122
2023-11-27,16008.75,16089.0,15938.75,16008.5,911010
2023-11-28,16048.0,16071.5,15945.0,16004.0,1038032
2023-11-29,16023.75,16207.75,16013.5,16054.75,1042430
2023-11-30,15985.5,16098.0,15855.75,16041.5,1141900
2023-12-01,16023.75,16050.0,15864.5,15955.0,1124267
2023-12-04,15869.0,16027.0,15721.25,16021.75,1087819
2023-12-05,15908.75,15961.75,15761.25,15860.75,1152664
2023-12-06,15815.25,16039.0,15802.0,15898.75,1152632
2023-12-07,16038.75,16065.75,15791.25,15816.25,1057636
2023-12-08,16098.25,16119.0,15890.0,16018.5,1043068
2023-12-11,16237.0,16249.75,16044.5,16092.0,498570
2023-12-12,16362.75,16388.5,16185.0,16238.25,319633
2023-12-13,16563.75,16594.5,16365.25,16380.5,219616
2023-12-14,16541.5,16674.5,16418.5,16563.25,154454
2023-12-15,16530.23046875,16609.25,16519.25,16525.0,927037
2023-12-18,16939.75,16974.25,16802.25,16820.25,733161
2023-12-19,17023.0,17029.5,16911.0,16920.0,769731
2023-12-20,16766.25,17073.5,16757.25,17023.0,1063402
2023-12-21,16956.5,16971.25,16790.0,16793.75,1122605
2023-12-22,16980.0,17041.25,16891.5,16954.5,848841
2023-12-26,17083.5,17111.5,16963.5,16963.5,515923
2023-12-27,17113.25,17132.25,17055.5,17085.0,683261
2023-12-28,17090.5,17165.5,17078.0,17129.0,616483
2023-12-29,17023.5,17130.5,16937.75,17089.75,826279
